"first_name","last_name","billing_country","total"
Helena,Holý,Czech Republic,49.62
Richard,Cunningham,USA,47.62
Luis,Rojas,Chile,46.62
Hugh,O'Reilly,Ireland,45.62
Ladislav,Kovács,Hungary,45.62
Fynn,Zimmermann,Germany,43.62
Julia,Barnett,USA,43.62
Frank,Ralston,USA,43.62
Astrid,Gruber,Austria,42.62
Victor,Stevens,USA,42.62
Terhi,Hämäläinen,Finland,41.62
František,Wichterlová,Czech Republic,40.62
Johannes,Van der Berg,Netherlands,40.62
Isabelle,Mercier,France,40.62
Luís,Gonçalves,Brazil,39.62
Heather,Leacock,USA,39.62
Jack,Smith,USA,39.62
Wyatt,Girard,France,39.62
Bjørn,Hansen,Norway,39.62
João,Fernandes,Portugal,39.62
François,Tremblay,Canada,39.62
Dan,Miller,USA,39.62
Tim,Goyer,USA,38.62
Manoj,Pareek,India,38.62
Dominique,Lefebvre,France,38.62
Jennifer,Peterson,Canada,38.62
Joakim,Johansson,Sweden,38.62
Camille,Bernard,France,38.62
Ellie,Sullivan,Canada,37.62
Patrick,Gray,USA,37.62
Martha,Silk,Canada,37.62
Hannah,Schneider,Germany,37.62
Mark,Philips,Canada,37.62
Niklas,Schröder,Germany,37.62
Fernanda,Ramos,Brazil,37.62
John,Gordon,USA,37.62
Lucas,Mancini,Italy,37.62
Diego,Gutiérrez,Argentina,37.62
Alexandre,Rocha,Brazil,37.62
Steve,Murray,United Kingdom,37.62
Daan,Peeters,Belgium,37.62
Leonie,Köhler,Germany,37.62
Stanislaw,Wójcik,Poland,37.62
Roberto,Almeida,Brazil,37.62
Enrique,Muñoz,Spain,37.62
Kara,Nielsen,Denmark,37.62
Michelle,Brooks,USA,37.62
Frank,Harris,USA,37.62
Aaron,Mitchell,Canada,37.62
Kathy,Chase,USA,37.62
Madalena,Sampaio,Portugal,37.62
Mark,Taylor,Australia,37.62
Robert,Brown,Canada,37.62
Edward,Francis,Canada,37.62
Marc,Dubois,France,37.62
Eduardo,Martins,Brazil,37.62
Emma,Jones,United Kingdom,37.62
Phil,Hughes,United Kingdom,37.62
Puja,Srivastava,India,36.64
